date,day_of_week,month,season,is_holiday,total_price,n_items,spending_per_item,is_outlier
2025-04-17,3,4,primavera,0,27.54,4,6.88,0
2025-01-29,2,1,inverno,0,13.5,1,13.5,0
2025-05-27,1,5,primavera,0,2.0,1,2.0,0
2025-05-30,4,5,primavera,0,4.0,2,2.0,0
2024-10-01,1,10,autunno,0,67.0,13,5.15,0
2024-10-02,2,10,autunno,0,28.0,7,4.0,0
2024-10-02,2,10,autunno,0,3.5,1,3.5,0
2024-07-19,4,7,estate,0,10.0,2,5.0,0
2024-07-18,3,7,estate,0,18.0,4,4.5,0
2024-11-03,6,11,autunno,0,167.43,10,16.74,1
2025-05-10,5,5,primavera,0,41.25,25,1.65,0
2025-03-04,1,3,primavera,0,26.9,2,13.45,0
2025-05-08,3,5,primavera,0,12.0,2,6.0,0
2025-05-30,4,5,primavera,0,13.0,4,3.25,0
2025-05-27,1,5,primavera,0,4.27,2,2.13,0
2025-06-30,0,6,estate,0,10.0,2,5.0,0
2025-06-13,4,6,estate,0,12.0,2,6.0,0
2026-06-13,5,6,estate,0,13.38,5,2.68,0
2025-06-13,4,6,estate,0,15.36,9,1.71,0
2025-06-30,0,6,estate,0,18.93,7,2.7,0
2026-06-05,4,6,estate,0,28.38,12,2.36,0
2025-05-19,0,5,primavera,0,13.66,12,1.14,0
2025-03-30,6,3,primavera,0,29.99,1,29.99,0
2025-06-15,6,6,estate,0,31.0,4,7.75,0
2025-06-09,0,6,estate,0,7.73,4,1.93,0
2025-06-14,5,6,estate,0,7.4,4,1.85,0
2025-06-18,2,6,estate,0,24.36,7,3.48,0
2025-06-19,3,6,estate,0,7.64,4,1.91,0
2025-06-28,5,6,estate,0,25.5,1,25.5,0
2025-06-28,5,6,estate,0,28.0,1,28.0,0
2025-06-21,5,6,estate,0,36.43,17,2.14,0
2025-06-21,5,6,estate,0,32.63,14,2.33,0
2025-06-25,2,6,estate,0,30.4,24,1.27,0
2025-03-30,6,3,primavera,0,13.99,1,13.99,0
2025-06-26,3,6,estate,0,29.99,10,3.0,0
2025-06-24,1,6,estate,0,10.0,1,10.0,0
2025-06-28,5,6,estate,0,30.8,16,1.93,0
2025-06-22,6,6,estate,0,42.28,17,2.49,0
2025-07-02,2,7,estate,0,10.19,10,1.02,0
2025-07-04,4,7,estate,0,42.3,28,1.51,1
2026-07-04,5,7,estate,0,23.2,8,2.9,0
2025-07-09,2,7,estate,0,80.07,4,20.02,0
2025-07-13,6,7,estate,0,40.6,1,40.6,1
2025-07-13,6,7,estate,0,36.4,1,36.4,0
2025-03-30,6,3,primavera,0,29.99,1,29.99,0
2025-07-13,6,7,estate,0,17.55,1,17.55,0
2025-07-13,6,7,estate,0,29.9,1,29.9,0
2024-07-14,6,7,estate,0,38.49,12,3.21,0
2025-07-16,2,7,estate,0,4.2,3,1.4,0
2025-07-03,3,7,estate,0,6.28,5,1.26,0
2025-07-06,6,7,estate,0,18.9,2,9.45,0
2025-07-05,5,7,estate,0,16.05,7,2.29,0
2025-07-06,6,7,estate,0,7.99,1,7.99,0
2025-07-06,6,7,estate,0,37.15,3,12.38,0
2025-07-06,6,7,estate,0,42.13,8,5.27,0
2025-04-21,0,4,primavera,1,21.9,2,10.95,0
2025-07-06,6,7,estate,0,78.11,5,15.62,0
2025-07-09,2,7,estate,0,80.07,4,20.02,0
2025-07-06,6,7,estate,0,36.09,2,18.05,0
2025-07-19,5,7,estate,0,13.89,10,1.39,0
2025-07-19,5,7,estate,0,30.0,2,15.0,0
2025-07-18,4,7,estate,0,60.07,3,20.02,0
2025-07-14,0,7,estate,0,139.0,15,9.27,1
2025-07-07,0,7,estate,0,6.54,6,1.09,0
2025-07-12,5,7,estate,0,17.69,9,1.97,0
2025-07-11,4,7,estate,0,28.0,2,14.0,0
2025-04-19,5,4,primavera,0,20.7,5,4.14,0
2025-07-11,4,7,estate,0,37.89,27,1.4,0
2025-07-19,5,7,estate,0,22.87,15,1.52,0
2025-07-08,1,7,estate,0,67.9,1,67.9,1
2025-07-21,0,7,estate,0,6.1,5,1.22,0
2025-07-22,1,7,estate,0,7.09,1,7.09,0
2025-07-22,1,7,estate,0,119.8,4,29.95,1
2025-07-23,2,7,estate,0,2.5,1,2.5,0
2025-07-24,3,7,estate,0,74.76,15,4.98,0
2025-07-25,4,7,estate,0,16.7,2,8.35,0
2025-06-29,6,6,estate,0,16.15,2,8.07,0
2025-07-25,4,7,estate,0,6.25,4,1.56,0
2025-07-26,5,7,estate,0,7.41,3,2.47,0
2025-07-26,5,7,estate,0,3.7,1,3.7,0
2025-07-26,5,7,estate,0,17.75,10,1.77,0
2025-07-26,5,7,estate,0,122.87,7,17.55,1
2025-07-20,6,7,estate,0,13.25,5,2.65,0
2026-07-20,0,7,estate,0,64.41,19,3.39,0
2025-07-22,1,7,estate,0,19.47,3,6.49,0
2025-07-25,4,7,estate,0,23.0,2,11.5,0
2025-07-26,5,7,estate,0,8.6,9,0.96,0
2025-04-22,1,4,primavera,0,11.54,6,1.92,0
2025-07-27,6,7,estate,0,3.4,1,3.4,0
2025-07-27,6,7,estate,0,3.97,3,1.32,0
2025-07-27,6,7,estate,0,7.25,8,0.91,0
2025-07-28,0,7,estate,0,1.3,1,1.3,0
2025-07-28,0,7,estate,0,1.89,1,1.89,0
2025-07-30,2,7,estate,0,12.79,10,1.28,0
2025-07-31,3,7,estate,0,3.75,2,1.88,0
2025-07-31,3,7,estate,0,3.35,1,3.35,0
2025-08-01,4,8,estate,0,3.0,1,3.0,0
2025-08-01,4,8,estate,0,10.22,4,2.56,0
2026-05-11,0,5,primavera,0,133.77,15,8.92,1
2025-08-02,5,8,estate,0,9.95,9,1.11,0
2025-08-03,6,8,estate,0,8.8,5,1.76,0
2025-08-03,6,8,estate,0,2.0,4,0.5,0
2025-08-04,0,8,estate,0,3.3,1,3.3,0
2025-08-05,1,8,estate,0,3.0,1,3.0,0
2025-08-06,2,8,estate,0,7.0,5,1.4,0
2025-08-07,3,8,estate,0,59.15,4,14.79,0
2025-08-08,4,8,estate,0,31.21,1,31.21,0
2025-08-11,0,8,estate,0,15.5,1,15.5,0
2025-04-18,4,4,primavera,0,17.8,1,17.8,0
2025-04-23,2,4,primavera,0,30.49,13,2.35,0
2025-08-11,0,8,estate,0,21.0,1,21.0,0
2025-04-23,2,4,primavera,0,11.7,3,3.9,0
2025-04-23,2,4,primavera,0,14.5,1,14.5,0
2025-04-23,2,4,primavera,0,10.17,2,5.08,0
2025-04-24,3,4,primavera,0,6.9,2,3.45,0
2025-04-24,3,4,primavera,0,171.5,66,2.6,1
2025-04-18,4,4,primavera,0,39.0,1,39.0,1
2025-04-27,6,4,primavera,0,7.45,2,3.73,0
2025-04-18,4,4,primavera,0,55.98,2,27.99,1
2025-04-29,1,4,primavera,0,11.95,6,1.99,0
2025-04-18,4,4,primavera,0,42.9,17,2.52,0
2025-04-26,5,4,primavera,0,21.91,13,1.69,0
2025-04-28,0,4,primavera,0,17.5,5,3.5,0
2025-04-27,6,4,primavera,0,68.66,38,1.81,1
2025-05-14,2,5,primavera,0,32.65,8,4.08,0
2025-05-11,6,5,primavera,0,26.65,17,1.57,0
2025-05-14,2,5,primavera,0,29.29,16,1.83,0
2025-01-10,4,1,inverno,0,0.7,1,0.7,0
2025-05-13,1,5,primavera,0,21.5,6,3.58,0
2025-05-25,6,5,primavera,0,12.68,9,1.41,0
2025-05-23,4,5,primavera,0,20.16,6,3.36,0
2025-04-18,4,4,primavera,0,16.02,10,1.6,0
2025-05-22,3,5,primavera,0,13.39,7,1.91,0
2025-01-19,6,1,inverno,0,7.36,3,2.45,0
2025-04-30,2,4,primavera,0,47.51,13,3.65,0
2025-05-01,3,5,primavera,1,21.9,4,5.47,0
2025-05-05,0,5,primavera,0,22.27,16,1.39,0
2025-05-02,4,5,primavera,0,21.9,3,7.3,0
2025-05-07,2,5,primavera,0,15.53,7,2.22,0
2025-05-03,5,5,primavera,0,39.33,24,1.64,0
2025-05-03,5,5,primavera,0,8.1,3,2.7,0
2025-06-24,1,6,estate,0,30.09,2,15.04,0
2025-04-18,4,4,primavera,0,71.29,38,1.88,1
2025-05-23,4,5,primavera,0,16.17,16,1.01,0
2025-05-04,6,5,primavera,0,15.0,2,7.5,0
2025-05-10,5,5,primavera,0,7.8,2,3.9,0
2025-05-23,4,5,primavera,0,9.6,6,1.6,0
2025-05-22,3,5,primavera,0,12.9,6,2.15,0
2025-04-12,5,4,primavera,0,25.8,6,4.3,0
2025-04-09,2,4,primavera,0,15.2,3,5.07,0
2025-05-21,2,5,primavera,0,8.97,3,2.99,0
2025-04-17,3,4,primavera,0,65.8,13,5.06,0
2025-04-12,5,4,primavera,0,35.0,4,8.75,0
2025-05-10,5,5,primavera,0,46.98,2,23.49,0
2025-05-21,2,5,primavera,0,4.6,2,2.3,0
2025-05-17,5,5,primavera,0,31.86,6,5.31,0
2025-05-20,1,5,primavera,0,21.13,11,1.92,0
2025-07-09,2,7,estate,0,145.72,3,48.57,1
2025-03-30,6,3,primavera,0,12.6,3,4.2,0
2025-05-20,1,5,primavera,0,10.37,6,1.73,0
2025-03-01,5,3,inverno,0,304.35,5,60.87,1
2025-05-17,5,5,primavera,0,23.69,4,5.92,0
2025-05-20,1,5,primavera,0,8.4,3,2.8,0
2025-03-30,6,3,primavera,0,7.2,2,3.6,0
2025-05-12,0,5,primavera,0,13.47,10,1.35,0
2025-05-18,6,5,primavera,0,10.0,4,2.5,0
2025-05-26,0,5,primavera,0,17.99,1,17.99,0
2025-06-12,3,6,estate,0,41.86,10,4.19,0
2025-05-31,5,5,primavera,0,63.25,47,1.35,1
2025-05-31,5,5,primavera,0,14.32,20,0.72,0
2025-06-10,1,6,estate,0,10.5,2,5.25,0
2025-06-08,6,6,estate,0,0.99,1,0.99,0
2025-06-08,6,6,estate,0,30.16,6,5.03,0
2025-06-07,5,6,estate,0,11.9,1,11.9,0
2025-06-07,5,6,estate,0,40.75,13,3.13,0
2026-04-19,6,4,primavera,0,5.36,5,1.07,0
2025-06-03,1,6,estate,0,20.69,9,2.3,0
2025-05-30,4,5,primavera,0,1.98,2,0.99,0
2025-06-02,0,6,estate,1,17.5,5,3.5,0
2025-05-31,5,5,primavera,0,13.12,15,0.87,0
2025-05-30,4,5,primavera,0,6.6,3,2.2,0
2025-01-19,6,1,inverno,0,7.4,2,3.7,0
2025-01-19,6,1,inverno,0,90.3,1,90.3,1
2024-12-04,2,12,inverno,0,104.0,8,13.0,1
2024-12-13,4,12,inverno,0,12.9,4,3.23,0
2025-05-30,4,5,primavera,0,83.84,13,6.45,1
2025-03-05,2,3,primavera,0,10.92,4,2.73,0
2025-05-29,3,5,primavera,0,22.65,14,1.62,0
2025-05-29,3,5,primavera,0,4.4,3,1.47,0
2024-12-10,1,12,inverno,0,120.1,10,12.01,1
2025-02-01,5,2,inverno,0,595.5,5,119.1,1
2024-06-18,1,6,estate,0,84.8,7,12.11,0
2024-06-15,5,6,estate,0,20.6,4,5.15,0
2024-06-16,6,6,estate,0,8.16,4,2.04,0
2024-07-23,1,7,estate,0,7.1,4,1.77,0
2024-06-30,6,6,estate,0,186.45,9,20.72,1
2024-10-04,4,10,autunno,0,9.1,2,4.55,0
